data,AC,AL,AM,AP,BA,CE,DF,ES,GO,MA,MG,MS,MT,PA,PB,PE,PI,PR,RJ,RN,RO,RR,RS,SC,SE,SP,TO
2020-02-25,0,0,0,0,0,0,0,0,0,0,0,0,0,0,0,0,0,0,0,0,0,0,0,0,0,0,0
2020-02-26,0,0,0,0,0,0,0,0,0,0,0,0,0,0,0,0,0,0,0,0,0,0,0,0,0,1,0
2020-02-27,0,0,0,0,0,0,0,0,0,0,0,0,0,0,0,0,0,0,0,0,0,0,0,0,0,0,0
2020-02-28,0,0,0,0,0,0,0,0,0,0,0,0,0,0,0,0,0,0,0,0,0,0,0,0,0,0,0
2020-02-29,0,0,0,0,0,0,0,0,0,0,0,0,0,0,0,0,0,0,0,0,0,0,0,0,0,1,0
2020-03-01,0,0,0,0,0,0,0,0,0,0,0,0,0,0,0,0,0,0,0,0,0,0,0,0,0,0,0
2020-03-02,0,0,0,0,0,0,0,0,0,0,0,0,0,0,0,0,0,0,0,0,0,0,0,0,0,0,0
2020-03-03,0,0,0,0,0,0,0,0,0,0,0,0,0,0,0,0,0,0,0,0,0,0,0,0,0,0,0
2020-03-04,0,0,0,0,0,0,0,0,0,0,0,0,0,0,0,0,0,0,0,0,0,0,0,0,0,1,0
2020-03-05,0,0,0,0,0,0,0,0,0,0,0,0,0,0,0,0,0,0,1,0,0,0,0,0,0,3,0
2020-03-06,0,0,0,0,1,0,0,1,0,0,0,0,0,0,0,0,0,0,0,0,0,0,0,0,0,4,0
2020-03-07,0,0,0,0,1,0,1,0,0,0,0,0,0,0,0,0,0,0,1,0,0,0,0,0,0,3,0
2020-03-08,0,1,0,0,0,0,0,0,0,0,1,0,0,0,0,0,0,0,1,0,0,0,0,0,0,3,0
2020-03-09,0,0,0,0,0,0,0,0,0,0,0,0,0,0,0,0,0,0,0,0,0,0,0,0,0,0,0
2020-03-10,0,0,0,0,0,0,0,0,0,0,0,0,0,0,0,0,0,0,5,0,0,0,1,0,0,3,0
2020-03-11,0,0,0,0,0,0,1,0,0,0,0,0,0,0,0,0,0,0,5,0,0,0,1,0,0,11,0
2020-03-12,0,0,0,0,0,0,0,0,0,0,0,0,0,0,0,2,0,6,3,0,0,0,2,0,0,12,0
2020-03-13,0,0,0,0,0,0,0,0,3,0,1,0,0,0,0,0,0,0,0,1,0,0,0,2,0,14,0
2020-03-14,0,0,0,0,0,0,4,0,0,0,0,0,0,0,0,0,0,0,6,0,0,0,2,2,0,9,0
2020-03-15,0,0,1,0,0,0,2,0,0,0,0,0,0,0,0,0,0,0,2,0,0,0,0,2,1,71,0
2020-03-16,0,0,0,0,0,0,5,0,0,0,3,2,0,0,0,0,0,0,7,0,0,0,0,1,0,16,0
2020-03-17,0,0,0,0,1,5,9,0,3,0,2,2,0,0,0,14,0,0,2,0,0,0,4,0,3,12,0
2020-03-18,0,0,0,0,0,4,4,8,2,0,8,3,0,0,0,0,0,7,12,0,0,0,9,3,1,76,0
2020-03-19,3,3,2,0,27,11,16,2,4,0,14,0,0,1,1,12,0,10,20,0,0,0,9,10,1,46,1
2020-03-20,4,1,0,1,3,35,45,2,3,0,6,2,1,1,0,2,3,9,44,0,1,0,9,1,0,110,0
2020-03-21,2,2,8,0,8,13,13,13,5,1,3,7,1,0,0,0,1,11,10,5,0,0,23,30,4,63,1
2020-03-22,2,0,15,0,8,44,17,0,1,1,45,5,0,2,0,7,0,7,67,3,2,2,12,6,0,172,0
2020-03-23,0,0,6,0,14,51,16,3,2,0,45,0,0,1,1,5,2,6,47,4,0,0,14,11,0,114,3
2020-03-24,6,2,15,0,13,19,27,4,4,6,2,2,5,0,1,0,0,9,72,0,0,0,12,39,5,65,2
2020-03-25,6,2,7,0,8,18,0,6,2,0,3,1,1,2,0,4,2,16,65,1,2,6,25,2,1,52,0
2020-03-26,1,0,13,1,20,35,40,0,10,2,20,1,3,6,2,2,1,21,51,5,0,0,45,13,0,190,0
2020-03-27,1,0,14,0,11,47,30,8,10,3,36,3,0,0,4,8,0,17,72,9,1,2,27,27,0,171,1
2020-03-28,0,3,30,2,12,32,30,6,7,1,16,3,2,4,5,12,2,14,65,17,0,2,2,35,0,183,1
2020-03-29,9,3,29,0,27,34,29,7,2,2,26,5,3,1,0,5,3,15,42,23,0,4,29,10,0,45,0
2020-03-30,8,0,11,4,22,24,23,12,3,7,30,8,2,3,1,5,2,7,57,9,0,0,15,3,0,66,1
2020-03-31,0,1,24,2,37,18,20,12,4,8,14,4,7,11,2,9,2,24,51,5,2,0,33,22,3,822,1
2020-04-01,1,0,25,1,33,54,23,12,6,21,39,3,2,8,3,8,0,45,124,10,1,6,32,16,1,642,1
2020-04-02,0,0,29,0,21,106,15,24,2,19,56,2,9,6,1,11,1,28,160,13,1,4,28,12,3,525,0
2020-04-03,3,4,31,8,15,77,32,19,15,10,27,7,8,4,8,30,2,49,82,71,0,4,62,34,2,542,0
2020-04-04,0,1,51,9,50,103,52,14,15,7,33,2,12,30,3,40,1,94,172,36,1,7,14,53,2,418,2
2020-04-05,2,5,106,1,69,93,14,13,12,8,68,3,4,6,2,25,1,43,148,30,1,5,8,23,5,154,3
2020-04-06,2,3,115,5,30,190,5,28,4,37,27,1,16,16,1,22,0,20,67,4,2,0,63,22,0,246,0
2020-04-07,0,1,104,14,25,38,19,15,14,39,34,14,2,36,1,129,5,45,227,8,4,0,27,38,4,816,2
2020-04-08,4,5,168,59,41,240,17,18,25,58,55,5,12,29,5,49,3,36,250,7,0,7,47,40,0,1026,4
2020-04-09,8,0,95,21,62,134,18,46,21,43,41,4,18,1,14,154,7,70,278,0,10,3,63,44,3,772,0
2020-04-10,8,8,82,38,45,53,28,27,12,20,43,8,4,2,24,129,2,34,248,2,4,11,18,192,3,736,0
2020-04-11,2,3,69,27,31,104,24,49,18,51,52,3,9,47,6,132,1,33,143,26,1,12,4,39,0,203,0
2020-04-12,5,0,156,37,38,94,35,34,20,54,56,1,2,29,16,144,3,62,248,13,2,4,13,36,2,336,2
2020-04-13,13,2,69,12,50,124,24,47,4,47,9,12,11,24,10,194,6,18,376,37,7,4,11,9,0,140,1
2020-04-14,9,22,209,65,36,205,13,33,51,33,69,2,4,53,25,130,8,35,179,37,22,30,36,49,1,476,0
2020-04-15,2,10,70,27,48,152,31,94,20,152,19,6,13,61,15,200,17,12,333,23,5,1,47,27,1,1672,0
2020-04-16,9,7,165,28,144,229,34,197,14,65,55,10,5,54,14,199,16,29,201,1,7,28,33,31,2,525,3
2020-04-17,25,21,90,8,108,298,30,102,17,102,63,12,6,119,30,323,11,42,405,63,16,22,22,42,5,1273,2
2020-04-18,7,22,88,23,134,350,16,96,43,243,56,18,9,83,10,187,21,71,194,53,18,37,29,36,18,1053,2
2020-04-19,21,27,147,23,37,218,65,147,15,165,77,7,3,45,31,266,22,42,222,15,18,21,23,13,12,373,0
2020-04-20,13,12,116,17,111,230,45,69,10,115,35,3,7,217,9,231,13,20,134,64,32,22,35,50,3,313,1
2020-04-21,19,39,110,24,148,234,9,44,18,76,41,2,0,124,18,218,28,17,407,13,39,3,15,38,6,805,3
2020-04-22,19,33,209,22,155,194,65,101,17,208,53,2,2,169,38,390,20,39,246,38,24,33,19,28,25,529,0
2020-04-23,13,81,409,69,145,688,17,50,15,153,25,11,38,72,44,221,11,19,620,62,27,17,71,24,7,826,0
2020-04-24,7,89,306,85,173,202,26,18,33,194,111,27,19,179,41,480,39,37,110,46,40,7,67,55,20,1086,6
2020-04-25,24,88,441,52,119,621,24,214,20,154,62,4,7,133,61,508,41,21,546,27,38,41,35,39,9,2178,7
2020-04-26,21,53,198,113,128,412,53,108,67,118,67,17,3,288,52,391,34,16,283,44,36,56,70,26,6,711,8
2020-04-27,0,89,95,44,145,893,80,93,43,187,38,4,7,261,44,460,33,30,833,7,29,6,62,102,38,981,9
2020-04-28,32,134,409,76,186,192,67,78,45,118,63,2,4,134,90,366,44,85,560,25,20,18,58,139,83,2345,12
2020-04-29,43,180,464,98,106,349,62,233,44,276,109,9,31,160,66,470,46,77,365,229,20,27,82,519,57,2117,37
2020-04-30,50,87,453,64,205,339,81,358,76,386,69,6,5,454,115,682,59,59,584,91,69,67,98,90,110,2540,21
2020-05-01,82,182,469,41,234,273,110,197,27,316,108,6,23,300,112,458,87,40,713,120,83,83,63,19,70,1676,27
2020-05-02,67,146,339,66,182,352,100,286,17,299,88,5,11,284,108,811,65,45,380,69,68,66,90,242,84,800,27
2020-05-03,104,69,621,295,228,139,83,138,25,235,95,6,6,403,135,498,77,22,593,26,52,72,47,0,129,598,55
2020-05-04,76,97,559,251,239,2670,119,140,11,187,229,2,7,262,50,220,42,48,582,29,51,66,45,173,42,415,21
2020-05-05,84,68,867,198,306,430,50,176,61,303,105,9,21,347,142,462,91,26,670,115,105,63,104,104,126,1866,36
2020-05-06,126,97,1134,115,261,834,88,166,102,498,153,5,14,545,132,556,74,39,904,38,82,63,235,294,100,3800,48
2020-05-07,71,164,856,153,227,1584,352,270,3,361,165,23,38,507,164,943,102,29,861,165,155,88,79,165,216,2075,72
2020-05-08,163,166,628,123,290,1068,184,404,26,520,173,15,40,617,374,763,80,55,1585,82,124,104,318,123,224,1902,71
2020-05-09,158,139,1198,171,356,923,134,170,16,856,180,20,45,634,125,883,102,74,1188,98,41,78,46,167,150,2581,78
2020-05-10,112,86,674,120,384,813,106,187,24,834,114,16,17,481,185,805,45,50,133,9,39,88,49,57,183,1033,116
2020-05-11,13,85,320,58,250,907,101,220,7,545,83,23,22,307,184,493,54,14,877,61,94,5,34,100,29,687,59
2020-05-12,130,237,1249,239,396,813,196,268,15,382,115,20,50,1053,252,541,111,57,547,44,64,33,341,204,232,1588,81
2020-05-13,104,181,1648,95,343,744,213,314,19,586,298,25,70,1002,268,592,169,90,242,334,152,83,0,95,236,3378,104
2020-05-14,46,211,1365,423,408,1921,224,412,289,689,217,22,58,1249,316,687,172,67,739,170,74,89,80,504,226,3189,97
2020-05-15,45,240,1211,202,1173,1413,371,385,149,938,246,27,60,1242,378,621,121,76,520,249,103,89,600,230,374,4092,150
2020-05-16,82,381,1285,204,186,1305,353,397,68,853,278,29,72,1075,324,2279,180,103,1614,218,130,117,98,116,267,2805,100
2020-05-17,130,223,651,118,129,460,228,149,52,900,137,62,50,680,284,964,167,44,637,133,44,85,40,98,208,1162,103
2020-05-18,237,215,585,71,138,2108,251,413,57,746,84,43,36,870,439,642,35,74,4427,47,80,85,0,399,223,721,114
2020-05-19,248,285,1219,287,2432,1749,234,536,97,960,282,29,58,1561,514,1148,153,121,1140,299,214,109,15,238,401,2929,150
2020-05-20,335,121,1572,239,184,2448,308,399,132,916,309,51,59,1840,538,1318,197,135,2567,313,242,82,1223,86,310,3864,163
2020-05-21,286,479,1663,639,744,853,381,786,136,944,310,53,118,1621,400,1351,215,194,1717,264,160,79,500,111,457,3880,167
2020-05-22,240,386,1671,467,616,3160,406,642,190,1154,399,59,48,1713,644,1849,222,129,1500,191,115,160,445,848,188,3132,229
2020-05-23,524,328,1764,436,443,549,303,398,73,1555,343,53,132,1228,626,1026,184,160,944,348,335,68,418,149,209,3687,225
2020-05-24,293,584,1065,262,899,473,387,89,66,2424,330,66,110,1428,315,973,132,113,3379,98,92,65,134,89,183,1603,161
2020-05-25,341,468,415,231,305,590,292,358,69,1595,294,99,38,1952,193,607,160,119,1386,62,67,75,89,179,134,1464,105
2020-05-26,280,376,1667,383,362,836,280,524,159,1492,554,77,128,2523,903,488,170,181,726,713,225,69,226,141,287,2392,162
2020-05-27,470,522,1559,652,504,254,551,595,172,1867,495,86,211,2433,1290,1065,246,200,2374,158,369,99,263,356,177,3466,165
2020-05-28,349,475,2638,533,893,546,539,719,247,1834,675,76,112,2666,923,794,277,272,2488,0,390,277,1186,628,244,6382,254
2020-05-29,241,563,2763,317,954,574,422,700,229,2503,546,94,152,2787,879,1542,260,252,3067,833,250,139,0,530,306,5691,334
2020-05-30,231,605,1651,844,709,8111,752,534,266,2138,398,62,258,810,851,1172,242,237,4467,939,241,201,1008,248,343,5586,370
2020-05-31,147,1065,818,289,766,1983,306,253,117,2019,834,71,68,665,300,1023,186,214,968,0,199,175,90,259,194,2556,195
2020-06-01,107,549,396,288,506,2015,730,379,204,658,206,79,112,85,533,450,188,148,1142,562,230,218,0,461,234,1598,169
2020-06-02,139,722,1421,621,2532,2569,746,1082,471,1328,269,78,168,3161,1164,608,387,328,2202,269,305,158,587,162,322,6999,138
2020-06-03,214,848,1152,596,1021,2983,764,970,193,1549,1071,156,139,3567,1159,955,322,331,2508,916,236,293,479,374,434,5188,215
2020-06-04,342,690,2126,444,1012,3739,903,773,374,2455,1024,123,346,3275,1561,1044,236,326,1692,133,746,340,612,498,211,5717,183
2020-06-05,263,840,1193,776,2956,1800,1285,1215,429,2684,961,72,287,2911,1000,1004,653,528,2134,158,403,348,573,314,377,5365,301
2020-06-06,241,881,1119,446,977,1980,1642,841,296,2157,944,135,181,2216,1208,850,388,257,1467,9,838,407,454,439,395,5984,323
2020-06-07,458,888,484,272,854,696,773,669,144,2123,764,121,216,1095,523,881,373,292,3223,3,410,291,98,280,318,2524,139
2020-06-08,145,0,542,249,465,1334,6,1040,311,1778,180,71,222,1761,641,463,143,134,1743,1436,516,239,115,0,437,1520,163
2020-06-09,329,1487,1423,477,1766,2779,1461,1305,397,2698,219,131,239,3116,1501,305,306,283,3480,139,594,288,552,627,399,5545,245
2020-06-10,289,983,1615,852,2204,3018,1343,1380,638,1439,1399,142,263,2947,1580,925,432,517,1394,541,630,291,817,402,489,6178,205
2020-06-11,345,1024,1140,543,1206,2477,1074,885,498,2172,947,256,490,2031,1338,1059,464,626,1402,1666,697,247,549,359,441,6204,272
2020-06-12,204,831,1122,517,774,1826,889,1028,189,1925,1658,148,271,2202,1186,878,514,248,2009,267,677,118,216,212,478,5380,215
2020-06-13,239,856,915,639,1123,724,563,675,94,1254,508,234,161,2182,898,799,488,528,1052,288,486,130,243,131,1332,4975,187
2020-06-14,108,1312,480,190,613,319,912,509,4,991,767,198,337,669,559,590,328,350,736,382,155,33,34,64,1102,5327,41
2020-06-15,129,763,271,301,1219,2714,813,1140,2238,742,347,118,324,45,655,246,204,133,1374,43,315,6,777,600,1707,3258,165
2020-06-16,232,670,1241,1211,1586,1827,1696,1371,1082,2119,296,234,203,2019,1460,920,524,841,2397,998,830,54,1033,442,635,8825,172
2020-06-17,336,1235,1529,594,1720,3678,1760,1489,972,2024,1323,379,736,2949,1584,1019,678,528,3620,0,557,215,657,613,497,1232,264
2020-06-18,325,766,1189,769,651,2306,1381,1230,1068,1356,1559,110,388,2431,48,1180,540,834,354,677,237,271,694,558,531,1111,201
2020-06-19,323,1273,947,535,2345,2590,2381,1471,723,2409,1146,392,841,3449,3333,1094,468,866,6061,150,549,229,765,749,470,19030,182
2020-06-20,276,792,1219,1652,1382,2293,1336,1074,853,1173,1253,324,609,2809,1428,1398,1246,877,2159,3167,599,387,551,786,641,4135,247
2020-06-21,118,959,508,266,975,710,989,642,739,386,336,247,508,1773,263,995,451,839,596,84,229,83,210,474,536,3392,151
2020-06-22,158,738,321,2842,807,1292,921,926,917,630,1277,154,551,1366,469,381,212,623,1439,667,646,68,362,355,399,2788,123
2020-06-23,271,853,1342,1755,1998,3370,1220,1043,1032,1332,979,393,638,2616,1746,337,793,729,3297,118,671,2152,1154,1307,499,7502,289
2020-06-24,212,982,1691,482,2847,2050,1886,1654,1054,1293,1446,417,784,3072,913,1191,958,1110,2624,1699,926,463,1145,1677,470,9347,332
2020-06-25,282,835,503,496,2360,2548,1617,1765,925,1611,1426,322,714,2328,912,1114,853,858,2404,891,749,1069,1051,1030,728,9765,327
2020-06-26,340,799,953,247,2131,2296,2455,1406,1316,1773,6122,390,869,2436,2008,668,943,851,2600,1066,1098,1039,1054,996,827,9921,256
2020-06-27,269,657,802,239,8822,2206,1440,0,757,1417,2075,394,779,2841,1410,1285,642,1147,306,522,0,167,886,861,1411,7073,285
2020-06-28,145,791,627,84,3251,940,2139,2031,364,397,1775,220,882,1130,437,1018,493,923,2495,203,549,1263,243,556,1102,6156,262
2020-06-29,88,805,244,268,972,657,2166,1414,1023,457,1123,149,399,764,378,369,595,584,585,5265,586,118,416,692,396,3408,131
2020-06-30,107,845,930,239,3840,474,2147,1796,1374,1482,1137,289,550,1999,1900,382,669,1551,728,566,845,182,1282,1298,594,6235,405
2020-07-01,462,857,1461,435,3178,4318,1458,1928,1160,2805,2583,711,985,2647,1218,847,1637,1348,2667,1612,211,512,1230,925,504,8555,458
2020-07-02,333,509,1246,226,2864,2507,1605,1419,722,2769,3123,386,1106,2214,1361,1414,1248,2079,1545,998,508,2430,1024,1296,697,12244,232
2020-07-03,64,1076,1007,421,2965,2517,1715,1449,67,2189,2644,326,1127,2344,1229,1243,1069,1862,2133,524,271,740,1176,1686,1574,8523,282
2020-07-04,375,851,1408,235,3171,2911,1764,1134,2164,843,2607,522,1244,2120,1541,1095,1185,2404,1484,836,716,446,1248,1670,1575,1828,546
2020-07-05,135,680,69,74,1563,512,2094,570,32,657,2325,179,793,1280,422,1672,518,889,852,388,522,153,336,1038,456,7649,193
2020-07-06,66,634,410,121,1231,1013,2529,1154,770,537,1343,164,605,724,423,513,432,1310,587,339,442,26,446,853,501,2891,165
2020-07-07,253,955,2743,290,3675,2475,2311,2151,2012,1837,1271,434,910,1617,1651,509,1003,1539,2207,836,643,140,1399,1520,922,9638,364
2020-07-08,226,798,915,230,3582,3519,1620,1839,1356,851,3138,376,1429,2592,1542,1453,897,1407,2243,691,503,196,1757,1468,850,8657,436
2020-07-09,298,869,1236,239,2783,2529,1363,1472,1212,2384,2829,608,1429,1987,1270,1163,1334,1709,1995,549,335,870,877,1598,926,8350,405
2020-07-10,303,768,1189,317,2867,2546,1620,1347,1262,1395,3222,590,1132,1943,1504,1333,1524,2088,1119,1205,598,1066,1056,1698,1297,9395,664
2020-07-11,312,674,723,199,3002,2399,1109,880,655,1680,3727,708,1240,2260,1303,1270,1196,1285,232,351,496,629,1230,1920,1333,7780,430
2020-07-12,110,697,296,85,1575,840,2306,563,451,554,2038,228,775,780,363,1100,498,1740,9,805,232,376,520,1005,1585,5107,193
2020-07-13,70,966,886,188,1128,421,1572,1080,452,878,971,264,381,795,324,431,396,1045,2360,379,322,402,416,784,590,2610,175
2020-07-14,219,709,1229,333,3138,2231,1370,1334,1136,1637,1821,473,487,2061,1354,675,797,1781,778,541,478,341,1337,2235,946,12000,416
2020-07-15,193,859,1303,523,2964,1811,1725,1139,1063,1002,3367,697,1040,2264,1477,1384,1289,1761,1627,313,389,713,1246,1926,972,6569,308
2020-07-16,193,870,1081,596,3380,2752,2242,1766,1306,1657,2460,699,792,2205,1484,1131,1097,2281,124,324,737,716,3105,1805,1087,8872,641
2020-07-17,100,519,797,432,2284,1938,1779,1343,480,1057,2801,475,1860,2125,924,1332,515,1916,657,325,463,610,1366,1768,662,5367,282
2020-07-18,237,330,1712,149,1581,606,1763,670,114,909,3604,201,-264,1783,624,1086,1511,2232,0,2148,0,366,137,982,1184,4612,255
2020-07-19,93,495,379,120,1931,428,1249,478,-26,233,2097,397,1429,537,411,943,728,1076,3294,315,0,94,266,805,2171,3022,564
2020-07-20,167,229,476,440,1123,594,1875,1094,3,581,1160,234,1503,912,298,663,310,1280,2481,191,684,219,336,1078,816,1385,125
2020-07-21,238,644,775,260,3552,1420,1789,898,3022,1248,1434,749,1438,1992,1164,326,670,1629,4116,310,841,299,2391,2061,1051,6235,456
2020-07-22,279,729,557,255,6401,4122,1725,1087,3490,1577,3175,1503,1695,1970,2128,941,1539,2389,3502,917,2293,969,3233,3081,1030,16777,496
2020-07-23,178,849,1498,178,5113,3134,2222,920,3174,1757,3827,782,1983,2109,2132,1858,1364,2077,2926,872,1145,978,1768,2726,1257,12561,573
2020-07-24,236,1184,1205,188,4409,2582,2391,1246,2389,1195,4244,632,1451,1785,1446,1802,1170,2255,3330,627,793,942,2166,2735,1735,11211,542
2020-07-25,264,1017,670,136,3632,2773,1773,744,1954,880,3281,712,729,1671,1173,1710,1040,1334,1414,243,700,520,2111,2316,1132,16263,955
2020-07-26,88,646,369,58,1780,488,2145,602,1113,328,2478,499,396,540,430,1714,655,1627,32,173,237,435,661,1397,339,4501,847
2020-07-27,38,828,616,144,930,344,2148,837,2071,694,1147,288,1507,360,540,666,540,781,1509,192,338,73,265,1408,1009,3672,339
2020-07-28,349,938,1039,333,4204,3121,2246,1427,2652,1403,2927,641,1707,1362,1482,546,967,1391,1805,1083,701,414,2303,3633,1397,0,745
2020-07-29,234,982,975,276,4021,3522,1616,1105,3021,1706,2749,968,1772,1664,1723,1858,1411,1528,2008,677,785,680,2149,3230,1205,26543,666
2020-07-30,207,855,1047,299,4296,2396,2100,1316,1611,1568,4021,876,2130,1501,1210,1837,1236,2568,1995,616,773,459,1977,3903,1470,14809,761
2020-07-31,52,746,800,196,4524,2414,1850,1407,2672,1399,3691,649,1418,1335,1686,1632,1279,2624,1853,749,585,561,219,3169,1029,13298,546
2020-08-01,305,1267,837,127,2772,2046,1630,522,1546,920,2879,803,925,1368,667,1741,981,1818,1718,1141,512,707,3764,2849,1011,10014,522
2020-08-02,36,1248,347,44,1550,652,2106,424,628,372,2816,264,573,232,547,1224,535,1675,12,288,389,428,584,1060,311,6367,1088
2020-08-03,373,538,262,165,915,381,2016,977,137,529,942,642,1348,220,203,431,231,1260,839,185,123,37,439,907,444,1533,564
2020-08-04,369,573,883,195,3998,2380,1880,994,2979,1405,1985,1033,1458,1772,1549,432,1219,1853,847,536,1223,6,2139,3268,590,15371,666
2020-08-05,325,843,981,319,4348,2102,2042,1033,3374,1572,3933,637,2337,2418,1311,1488,0,2599,3768,924,781,1102,2945,3253,917,9676,648
2020-08-06,230,899,804,417,3953,1858,2034,1301,3292,1606,3167,786,1335,2127,796,1074,2657,1952,1385,616,705,633,2274,3224,858,13405,1227
2020-08-07,113,823,803,229,4202,2108,1903,1380,2910,1781,4495,887,2944,1937,1250,1477,1290,1630,1632,611,665,611,189,2948,884,9709,819
2020-08-08,122,832,571,175,3509,2835,1921,1223,1724,854,3400,719,41,2340,776,1241,1181,0,2828,433,476,393,4569,3167,543,13352,745
2020-08-09,89,865,522,69,1628,298,1233,645,540,436,3204,637,590,543,189,1021,411,1067,326,140,144,454,396,1186,422,5395,560
2020-08-10,32,624,247,191,1068,115,3012,1278,1380,430,1148,395,1782,509,284,247,196,4158,1166,130,362,62,43,993,281,1289,626
2020-08-11,138,698,908,237,4670,1893,1415,1407,3775,1494,1476,823,1863,1462,1453,601,966,1819,2547,2501,1096,557,3381,2594,481,11147,758
2020-08-12,236,816,815,165,4253,1872,1700,1277,3048,1205,3934,947,1863,2265,1078,1393,1321,1842,3047,-1349,593,573,2634,2879,410,15619,719
2020-08-13,249,878,882,214,3935,1659,1986,1196,3475,928,4430,1050,1734,1747,897,1467,1197,1882,2475,500,615,691,2511,2631,945,19274,643
2020-08-14,193,603,975,229,4038,2063,1996,1157,2485,1131,3513,875,1611,1983,866,1567,933,2177,1806,395,612,627,2582,3151,415,11667,994
2020-08-15,81,844,464,187,3386,1237,1848,659,1704,956,3086,1108,492,1402,928,1364,1043,1927,723,193,364,500,2303,1818,476,11408,1075
2020-08-16,32,658,671,87,1651,238,1453,815,654,573,2888,294,508,959,445,1185,440,1333,3665,60,185,226,432,879,296,1963,511
2020-08-17,57,204,351,185,1085,583,2268,1279,1073,555,1313,589,1240,406,190,225,237,1275,372,178,395,42,130,786,316,3172,867
2020-08-18,328,763,618,254,3926,1056,1435,1015,3297,1777,2072,968,1368,1715,1274,605,911,1858,4829,409,691,518,3210,2647,386,8865,989
2020-08-19,213,439,711,254,3618,1943,1592,1216,3291,1386,3371,988,1399,2141,997,1429,1249,1659,3513,360,798,318,2674,2537,368,9847,987
2020-08-20,176,482,743,392,3937,1221,1997,947,2583,1289,3904,820,1457,2022,951,1142,1364,2349,2923,471,426,488,177,2222,435,9451,954
2020-08-21,15,217,457,272,1147,577,1693,874,1215,1243,3561,510,1401,2393,845,1072,697,2343,1120,53,367,202,267,1277,343,5132,1062
2020-08-22,328,631,577,156,4461,1588,1675,702,2479,770,2884,1177,804,1998,680,596,974,2260,3428,202,481,336,4504,1659,407,13284,991
2020-08-23,54,387,246,89,1846,854,1871,279,1134,527,3107,610,315,645,162,1113,389,1111,484,189,426,203,1034,484,220,4885,757
2020-08-24,10,638,177,134,1158,123,1521,601,1905,495,1306,567,1279,293,171,217,266,1045,412,67,370,40,80,1041,134,2351,677
2020-08-25,207,399,787,299,3731,1822,3171,698,3561,1026,2816,1259,1745,2027,905,601,791,1533,2643,512,723,274,2810,2157,320,9190,1127
2020-08-26,183,423,833,428,4082,1396,1563,718,2463,1755,3237,1035,1432,1955,1005,1120,1140,1704,2672,281,605,315,3221,1870,296,10465,964
2020-08-27,150,438,671,304,2832,1945,1610,753,2768,1247,3969,902,1775,1733,883,1069,1064,1833,2523,451,686,331,2331,2078,377,8318,1194
2020-08-28,193,419,761,340,3124,1757,1317,831,1604,1221,3523,891,1656,1577,707,999,873,2890,0,326,400,307,2424,2054,440,11756,1022
2020-08-29,139,309,1015,146,3813,1610,1346,532,1351,751,3100,871,822,1372,728,1005,883,2003,3759,288,291,302,3677,4712,241,5213,1071
2020-08-30,37,154,201,121,1272,363,1270,326,547,317,2485,499,375,925,130,943,349,1636,345,142,183,171,66,460,137,1982,722
2020-08-31,9,167,236,301,665,496,1246,910,1643,403,1507,415,1009,385,117,445,140,1303,329,99,474,48,1331,30913,111,938,321
2020-09-01,193,454,623,321,2691,1380,1456,718,2954,1066,2224,883,1510,1429,827,1748,454,1668,3169,243,615,189,1986,2697,193,10033,935
2020-09-02,187,292,874,286,2881,2063,1151,846,2948,1787,3267,825,1446,1451,779,1437,1063,2035,1532,441,643,329,3662,2048,210,11956,495
2020-09-03,108,247,727,264,3440,1276,1254,934,2008,1249,2939,930,1128,1533,798,1475,797,2256,1939,423,207,298,3149,1682,251,11647,814
2020-09-04,114,306,667,390,2398,10433,1297,941,4834,1335,3026,831,1550,1322,743,1031,1031,1915,2218,434,734,331,2607,2392,201,7038,1075
2020-09-05,159,359,539,228,2040,-7926,1405,472,2107,792,3865,922,656,1573,605,731,876,1868,258,404,513,310,6268,1765,248,8069,1062
2020-09-06,35,255,85,88,1048,193,1012,333,258,206,2926,163,183,774,143,191,380,1426,71,108,201,162,429,667,109,2637,438
2020-09-07,26,69,94,93,738,73,1189,288,113,260,1208,634,387,621,33,268,276,779,234,9,171,116,38,449,106,1608,393
2020-09-08,25,80,318,136,851,132,933,785,1562,853,651,238,1278,301,154,170,282,1404,321,69,322,49,550,920,125,1453,317
2020-09-09,174,226,736,252,2274,1045,969,692,3350,1076,1852,982,1411,1248,867,989,938,1076,500,256,637,203,3074,2585,150,7793,461
2020-09-10,209,238,701,278,2239,1137,923,868,4252,729,4018,701,1433,1253,768,1040,1006,2000,940,384,424,350,3816,1194,265,8178,1213
2020-09-11,127,110,763,136,2182,1119,918,675,3877,1026,3616,2258,1601,1367,523,1024,717,2335,5640,359,418,247,2083,1525,259,8055,758
2020-09-12,144,588,516,124,2156,1197,1097,541,1785,482,4041,367,742,1227,688,770,860,2245,323,167,324,246,2789,1363,120,7881,740
2020-09-13,18,202,193,64,852,374,1191,194,544,107,2073,406,242,721,255,259,311,1258,1715,255,122,130,639,681,68,1567,327
2020-09-14,10,102,275,102,718,350,1084,703,2338,415,1734,331,1164,430,202,181,142,649,319,60,262,67,1004,895,213,1092,313
2020-09-15,111,263,743,162,2213,1273,826,665,4628,804,1609,889,1409,1512,740,1016,675,1000,1608,287,514,303,3033,1601,157,7922,690
2020-09-16,176,388,701,149,2237,1334,1076,792,2683,968,2989,666,1404,1182,679,699,746,1510,1764,286,359,316,3433,1441,139,8157,546
2020-09-17,253,52,650,106,1970,1032,1021,763,4054,729,3406,831,1257,958,777,757,712,2469,661,389,539,234,3408,1252,218,7393,412
2020-09-18,226,263,858,229,2364,1164,1075,801,4125,1081,3184,1023,1481,762,607,910,772,2123,2955,333,337,294,2968,1232,104,7711,815
2020-09-19,119,652,1214,137,2191,998,1177,448,1930,753,2824,649,614,985,622,807,618,1557,1463,308,202,396,3391,1084,108,7141,669
2020-09-20,18,558,184,125,1093,218,653,571,959,324,2044,382,365,314,148,475,309,1409,648,221,166,214,637,370,101,3627,256
2020-09-21,27,212,163,83,693,302,806,807,1544,291,1141,185,1434,256,143,260,247,606,137,33,404,28,572,712,200,2032,121
2020-09-22,140,288,767,189,1809,1102,794,769,2160,965,2039,926,1362,864,616,711,738,2184,1710,242,514,212,2136,1360,120,8090,729
2020-09-23,151,551,726,229,1610,878,703,739,4638,777,3081,652,1297,1382,553,677,675,1245,1129,302,525,377,1951,1208,160,6551,514
2020-09-24,159,194,876,152,1833,1008,893,722,3261,496,2587,815,1244,1281,519,538,771,1585,3100,298,175,297,1781,1148,250,6267,567
2020-09-25,154,184,916,141,1810,39,950,937,2439,737,4578,770,1178,1240,567,565,598,1424,1503,272,251,258,1898,1057,124,6681,640
2020-09-26,149,187,964,88,2128,1421,713,445,1744,557,2871,638,643,1284,597,672,780,2079,182,169,191,207,2004,986,190,5967,522
2020-09-27,15,170,247,50,850,367,905,482,183,275,2269,258,265,930,52,76,361,1132,2190,127,285,230,397,493,166,1349,194
2020-09-28,11,99,292,140,593,127,992,604,2970,421,1518,233,1115,312,204,80,193,839,146,138,178,57,262,482,89,905,155
2020-09-29,145,156,1256,119,1623,435,812,840,3953,669,2154,638,1231,1107,667,1229,494,1316,1693,248,287,217,2475,1195,108,6377,614
2020-09-30,192,330,1362,200,2274,1662,928,854,2704,719,2878,743,1040,1274,613,846,859,1600,1084,420,238,264,2319,1217,160,6109,524
2020-10-01,187,625,914,131,1524,525,882,860,2775,631,3438,533,954,1294,542,701,763,1907,1452,282,350,232,6614,1146,195,6097,603
2020-10-02,146,246,959,144,1354,647,915,675,2582,593,3475,589,1082,1060,464,865,649,1398,4160,391,212,332,3241,1098,144,5608,402
2020-10-03,107,178,938,73,1307,338,741,719,1170,430,3445,648,280,999,408,612,610,1512,1180,447,103,285,2160,911,223,6096,390
2020-10-04,10,170,245,26,729,204,630,552,125,170,1672,247,532,231,32,68,236,761,126,169,47,70,132,585,193,473,21
2020-10-05,15,37,191,73,565,233,554,650,1637,365,1267,270,801,96,177,37,259,330,1637,67,160,0,778,826,185,677,59
2020-10-06,118,148,998,113,2142,12823,820,904,3441,530,1658,553,1006,755,674,763,673,1353,2077,254,231,82,1878,1398,145,6260,109
2020-10-07,13,143,921,149,1834,835,582,740,3040,712,2908,481,967,1064,751,922,684,1570,2024,855,167,185,2331,1210,167,5916,382
2020-10-08,16,112,875,122,1817,1101,823,740,1797,589,2009,521,1056,882,434,597,588,470,2705,450,142,244,1917,1451,265,5649,378
2020-10-09,183,115,866,130,1412,614,615,769,1371,608,3049,544,766,648,536,678,575,1404,1936,102,156,252,2150,1534,288,5786,357
2020-10-10,14,137,805,88,1754,1285,762,343,1189,357,3050,475,315,447,428,584,828,1532,1327,175,333,309,2009,977,256,6626,344
2020-10-11,19,36,419,83,993,390,466,491,353,216,1796,108,168,13,164,146,317,1008,268,264,125,197,376,599,395,2844,88
2020-10-12,13,54,8,38,677,68,377,822,180,125,1031,164,189,20,56,78,232,1831,183,182,36,22,426,795,79,684,59
2020-10-13,209,74,399,169,693,420,818,874,1113,280,659,237,728,38,140,77,313,718,195,72,153,42,386,395,259,685,74
2020-10-14,29,128,654,152,2460,642,828,833,2260,484,1346,485,908,839,718,742,648,913,1152,552,267,147,1962,1507,193,6031,355
2020-10-15,105,110,848,145,1575,1283,728,517,2019,500,2430,440,688,684,665,825,868,1011,1077,657,219,505,1903,1502,306,6553,360
2020-10-16,192,86,418,182,1536,576,790,1114,1642,406,3031,546,840,704,576,654,827,1325,3158,2308,211,373,1728,1521,192,5627,351
2020-10-17,95,87,1402,78,1799,1102,728,825,709,327,2565,464,386,743,384,403,682,803,129,189,84,293,2129,1832,194,5394,236
2020-10-18,25,128,411,41,654,857,653,497,0,164,1685,112,165,276,19,106,362,780,1309,422,0,162,324,394,445,968,23
2020-10-19,47,35,261,72,881,481,752,999,2633,494,965,367,552,20,114,101,194,1140,535,1277,306,45,1004,1065,476,437,130
2020-10-20,100,116,938,119,1762,706,556,819,718,475,1459,453,780,867,496,664,514,1213,1208,156,119,233,1674,1557,261,4923,341
2020-10-21,60,102,1669,212,1221,27,815,1084,1428,463,2395,417,847,989,369,624,672,1173,1319,622,199,217,1769,1052,525,4299,249
2020-10-22,103,101,765,228,1450,1958,590,581,1650,461,2657,350,752,1111,317,359,766,1276,1081,45,275,229,1299,2211,313,3678,252
2020-10-23,93,147,966,146,1861,891,565,1251,2139,517,2029,410,824,1049,494,719,705,1155,1776,130,235,364,2182,2072,268,6702,336
2020-10-24,96,130,779,106,1488,227,526,505,1453,302,1818,479,523,1327,433,724,778,1341,2026,202,309,344,3132,1862,239,5614,216
2020-10-25,87,53,349,53,691,872,608,646,525,175,1798,302,130,783,123,157,274,727,557,176,111,249,0,1108,148,2725,66
2020-10-26,13,77,344,65,1244,313,776,885,1001,184,708,163,618,636,135,99,175,702,3366,29,139,89,1597,1391,69,863,45
2020-10-27,63,130,1050,235,1772,429,629,958,3039,546,1521,474,740,1211,519,878,586,1290,2158,159,287,231,2723,2422,102,5364,271
2020-10-28,165,113,865,96,1990,1098,668,861,933,332,2278,495,606,1101,544,807,679,1360,1768,604,234,287,2298,2652,83,5375,337
2020-10-29,93,67,1013,352,1566,674,698,999,1641,156,1915,410,685,956,252,579,657,960,1345,279,230,264,2708,1937,123,5278,269
2020-10-30,120,107,838,155,1423,774,622,676,1149,558,2121,555,289,1097,499,662,565,869,1479,129,145,269,0,1868,66,4928,319
2020-10-31,38,118,249,145,457,633,483,1030,324,113,1624,346,309,530,419,491,526,752,481,97,170,282,4174,2584,89,2339,144
2020-11-01,155,31,291,325,886,156,211,284,299,90,1020,274,125,161,71,84,255,728,1037,136,223,123,906,1117,36,1020,56
2020-11-02,3,98,165,153,533,274,180,688,415,69,839,266,214,149,66,62,228,240,294,179,64,81,955,1486,129,648,23
2020-11-03,8,98,421,179,407,218,566,967,639,223,326,138,418,220,93,117,168,784,1781,66,96,136,627,2280,86,749,32
2020-11-04,256,126,839,0,770,838,453,1120,1441,363,1184,417,599,935,579,486,588,1032,0,319,246,165,3208,2814,132,4755,311
2020-11-05,30,128,671,0,3377,648,300,1045,1142,332,2201,177,642,985,339,580,496,909,754,203,335,515,1556,2007,101,2637,184
2020-11-06,78,137,0,0,2006,933,471,1077,1124,390,1762,543,668,770,540,1051,799,1641,966,129,197,380,2957,2151,243,0,415
2020-11-07,249,196,1324,0,1427,698,424,318,607,261,2306,561,385,759,488,649,701,1592,539,154,213,381,2403,2857,173,0,149
2020-11-08,132,115,270,178,583,207,539,1209,319,97,1347,210,147,272,192,411,216,800,822,197,271,124,710,969,151,0,66
2020-11-09,81,130,305,320,840,451,472,585,569,267,1035,196,582,202,87,207,407,1623,405,21,179,6,758,1034,100,0,55
2020-11-10,138,91,802,244,1955,714,509,1516,1442,394,1491,381,583,939,425,693,583,1039,2378,281,198,78,2920,4886,97,0,235
2020-11-11,187,101,715,216,1728,667,423,1060,1443,364,2169,483,605,878,608,860,617,1754,1645,92,302,313,3174,2711,69,24936,211
2020-11-12,402,126,0,266,1590,2482,686,1275,1612,371,1886,438,2750,869,837,787,590,2199,1785,155,258,360,3590,1730,161,5780,222
2020-11-13,146,162,1110,361,2119,320,533,1309,253,273,2737,653,499,1073,468,830,517,0,623,169,350,210,3071,4805,89,6130,260
2020-11-14,330,152,569,421,1349,1417,700,589,625,180,2036,521,235,403,522,843,484,10491,3639,124,383,260,3108,4015,87,4640,184
2020-11-15,165,116,168,141,1282,1093,280,1177,226,89,1572,333,228,254,82,307,232,793,311,245,201,119,1188,2144,65,1218,105
2020-11-16,139,46,219,177,712,1261,411,1139,655,115,591,176,486,111,622,356,94,1676,499,7,286,44,1165,1454,101,737,92
2020-11-17,180,173,906,226,653,680,628,1857,959,231,1954,854,606,446,608,674,200,2332,2554,501,184,211,3479,5178,127,8698,195
2020-11-18,250,136,703,270,2071,880,495,1220,640,385,2324,689,294,810,579,826,447,3054,2387,227,367,211,3853,4210,88,6421,254
2020-11-19,251,172,957,233,2849,1192,756,1028,1401,320,2586,575,586,780,627,908,515,2684,2118,149,358,244,2719,4605,251,6794,260
2020-11-20,270,122,740,200,1870,611,554,1731,1236,312,2773,536,246,875,633,688,579,2045,2401,335,352,308,3298,6109,235,9058,280
2020-11-21,189,114,488,151,1781,1034,542,583,572,174,2424,917,242,752,650,946,511,3589,362,913,335,191,3683,5888,242,5087,262
2020-11-22,191,81,131,312,958,658,280,623,214,77,1399,785,84,446,192,472,226,1211,926,824,284,94,923,2818,159,4153,94
2020-11-23,223,129,303,374,1418,1046,859,1288,491,162,1081,503,526,265,131,428,185,1740,485,166,267,177,843,1753,229,1037,98
2020-11-24,204,139,799,421,1465,0,496,1701,789,355,1522,777,721,507,310,781,449,3580,2145,206,574,124,3096,4115,323,5219,282
2020-11-25,135,207,719,355,3123,2410,860,1645,1234,408,4006,905,755,920,717,1147,698,3820,3162,1090,281,275,4569,4933,300,8900,324
2020-11-26,116,145,916,345,1472,2079,824,1890,1149,372,3338,541,584,824,763,553,418,4420,2029,703,318,189,2312,5998,561,4523,232
2020-11-27,452,332,928,257,1919,1160,884,1785,0,344,2851,528,559,533,363,669,661,3726,1324,3880,0,154,2476,3420,338,4320,267
2020-11-28,164,221,658,535,4204,978,494,156,1866,208,3265,1884,229,813,369,2084,520,3201,5412,725,977,59,7813,9523,508,4507,549
2020-11-29,160,246,191,121,2915,659,627,2355,120,13,2251,758,99,498,102,449,1046,1522,556,1110,290,418,1842,3047,491,2379,203
2020-11-30,179,125,209,175,1652,678,444,942,484,104,1088,698,534,180,41,565,293,2377,1038,641,483,88,1280,5347,150,1180,163
2020-12-01,304,168,1065,292,3118,787,976,1927,965,380,3320,1090,770,680,541,1853,672,5239,3628,537,264,250,4367,8201,238,8937,340
2020-12-02,183,236,698,427,3228,388,783,2026,2167,333,4500,951,811,897,734,1348,746,3223,3415,1021,520,327,4854,6076,534,9114,323
2020-12-03,153,255,879,541,3268,1366,521,1431,1289,437,4635,1134,570,1001,746,1431,664,5423,3788,174,411,275,5724,4956,798,8208,356
2020-12-04,253,255,789,360,4049,700,1355,1662,1154,480,4291,1197,683,627,729,1094,729,3442,2456,243,331,143,5032,6174,75,8237,344
2020-12-05,125,402,706,302,2310,575,595,1773,965,220,5223,1294,384,792,709,1518,714,2860,2626,483,344,368,4766,3851,61,8938,305
2020-12-06,44,332,331,124,4080,0,355,1523,66,66,3011,496,203,504,673,765,445,1239,808,374,501,220,2234,2586,2597,2675,111
2020-12-07,107,152,207,216,1580,271,645,1668,355,135,871,23,608,502,604,746,470,2710,301,598,483,110,1534,3503,723,1116,133
2020-12-08,128,189,955,214,3330,4454,1104,2411,1484,368,2614,1989,761,670,586,1236,641,4591,3377,278,567,69,4114,6312,319,7923,404
2020-12-09,116,275,438,318,3752,2900,842,2409,961,369,4080,1314,938,799,737,1133,623,5069,3331,1010,446,134,4861,5628,853,9784,333
2020-12-10,230,314,821,296,4876,1371,792,1551,1995,488,4484,1236,738,1046,761,1588,618,3981,3560,1368,514,377,4435,5121,644,9786,356
2020-12-11,248,386,843,543,3883,1006,831,2332,1875,402,6173,1550,851,792,889,1945,534,5059,3298,1131,334,379,5163,4292,572,8791,326
2020-12-12,213,229,342,278,2920,229,689,1408,0,158,5008,1541,421,742,594,1363,559,4379,3489,506,157,247,3557,5051,910,8601,309
2020-12-13,49,435,554,271,1196,1239,462,312,0,50,3478,422,240,672,93,258,288,2483,694,1070,444,186,3891,1306,679,940,113
2020-12-14,216,316,451,288,2465,481,1036,820,1457,211,980,683,673,442,268,362,175,2376,768,383,264,47,2303,4649,602,2313,164
2020-12-15,84,310,651,0,4114,287,737,3590,1509,417,4222,650,998,953,817,734,347,7537,1457,556,791,61,3358,3497,618,4412,182
2020-12-16,226,773,988,702,4866,3704,531,3826,1181,463,4472,1981,1044,1052,1388,2071,530,20197,4036,1240,488,59,6453,7077,777,0,449
2020-12-17,228,296,894,246,4920,1182,899,2488,1716,353,5672,1391,904,1120,1274,1646,654,6389,3493,276,466,403,6112,5538,558,20303,405
2020-12-18,175,312,1156,0,3057,927,913,1971,1130,343,5565,1076,864,935,1053,1765,604,4494,3601,556,547,207,5721,5160,104,9922,386
2020-12-19,528,359,706,560,3920,367,622,2246,594,251,5253,1316,466,858,660,1746,580,3574,1180,727,412,175,5061,4013,1232,12447,324
2020-12-20,127,307,302,106,1657,1080,409,1496,8,11,3485,1066,254,498,327,418,337,1660,3160,1280,225,70,2157,3909,913,0,183
2020-12-21,253,158,351,207,1517,255,1000,1539,942,93,1827,726,912,486,203,709,208,2282,755,800,536,102,2039,2488,471,3943,217
2020-12-22,65,302,1217,290,2688,1054,629,2277,871,337,4201,1342,1026,919,972,1946,434,6102,3794,771,1252,155,6206,4671,592,10714,375
2020-12-23,85,433,862,226,3090,808,525,1825,1115,219,6519,1652,1049,930,928,1915,582,3293,2975,1465,739,223,98,3796,655,10383,306
2020-12-24,239,391,999,194,2598,1082,552,1648,797,152,5969,1402,565,883,610,1457,545,9793,4199,907,525,198,10433,3001,1223,9351,363
2020-12-25,85,258,401,89,1211,0,329,926,176,80,4030,1291,251,429,231,1109,215,1586,603,1053,282,88,2102,1481,825,3596,240
2020-12-26,13,298,201,72,1349,692,650,1421,204,57,2113,290,196,18,727,387,317,1223,929,274,206,42,2147,1561,445,1253,161
2020-12-27,164,426,429,431,1624,33,615,655,73,84,1217,1097,303,531,308,603,251,1572,994,564,188,27,823,1705,777,2836,149
2020-12-28,110,197,318,425,748,755,1193,2241,652,93,1110,223,746,495,578,442,253,2835,605,31,892,31,638,2182,1058,1576,121
2020-12-29,222,371,1447,256,3206,2067,721,2784,1861,344,4995,1366,1271,1086,423,1778,509,4036,4585,948,687,68,6217,3806,803,12477,384
2020-12-30,123,380,1369,297,2847,1775,678,2726,1227,185,6391,1581,1135,805,1010,2512,693,3896,2114,1157,681,146,5754,3134,931,11849,253
2020-12-31,265,319,1443,499,2862,2629,566,1449,666,189,6865,1330,659,828,1058,1882,721,3939,6275,1179,694,180,5462,3514,770,10219,311
2021-01-01,69,273,561,160,1284,901,376,1028,244,21,3975,989,277,262,578,827,507,1757,742,270,270,21,2238,1864,1039,3894,178
2021-01-02,252,270,293,80,602,582,797,967,82,17,2418,611,234,5,553,332,31,1292,214,338,434,148,1008,2077,372,1762,56
2021-01-03,105,353,546,127,722,189,481,1416,147,41,1370,556,442,203,429,215,279,1700,135,388,473,17,1837,821,769,3469,111
2021-01-04,71,318,559,207,815,212,955,1472,635,76,1432,333,813,214,135,305,162,1726,3606,107,291,72,569,1565,951,2248,157
2021-01-05,53,378,1928,321,3077,981,603,2382,1581,162,4588,1320,1514,1215,366,1491,549,4748,4262,838,657,82,5283,3875,1143,12881,370
2021-01-06,208,471,2192,373,3038,2133,962,410,1882,199,9515,1582,1525,1313,1101,1604,657,3084,4482,812,957,151,4728,4112,1039,14534,366
2021-01-07,100,398,1706,405,2980,1187,807,2892,1027,187,5450,1311,1593,1222,965,1511,527,32436,4669,603,784,146,4801,4432,1227,14073,404
2021-01-08,336,349,0,470,2777,1665,673,2037,1731,104,7812,1186,1358,1071,936,1250,613,0,1517,1152,748,135,4779,3880,1217,13794,445
2021-01-09,94,481,4198,332,2497,946,798,1277,827,170,8399,1116,915,1409,714,1190,782,8330,5591,1192,681,179,3584,3596,960,11561,471
2021-01-10,219,433,965,226,1649,926,658,1370,298,30,4443,831,0,1047,515,1146,259,1640,1061,495,564,92,1979,1772,1372,5619,183
2021-01-11,219,278,2151,385,915,311,986,1830,691,105,2696,455,1034,624,523,719,471,1670,634,245,930,53,1582,1901,1242,3010,162
2021-01-12,86,499,1958,402,2105,111,1000,2010,2769,264,7826,997,2183,1387,219,1482,523,11400,3589,815,1280,103,3695,3546,440,12702,634
2021-01-13,353,401,1474,360,3094,3179,659,1765,2237,260,8319,1095,1739,1500,681,1803,835,494,4287,212,939,198,5223,3365,666,15275,486
2021-01-14,283,392,3816,373,4113,1161,766,1825,1898,265,8694,1106,1863,1017,1028,1412,819,5811,4211,1340,1215,260,4605,3949,1262,13710,564
2021-01-15,88,460,3151,402,5471,1776,706,2044,2113,317,9120,1166,1396,1491,770,1702,688,4851,3396,957,1380,129,5207,3698,1145,15016,558
2021-01-16,465,396,2856,389,5832,989,828,1513,907,178,7831,1316,1043,1416,838,1450,672,3531,4067,1702,841,277,4229,3306,366,13774,555
2021-01-17,146,475,1277,204,3401,1048,471,1034,161,89,6812,767,560,590,783,482,351,1563,947,801,883,196,1864,1403,680,5720,332
2021-01-18,8,281,1790,209,2548,591,1047,1669,750,158,2482,446,1119,290,225,322,222,1113,373,228,1275,117,1173,1644,459,2933,199
2021-01-19,433,373,1537,419,4004,2138,612,1786,2306,383,5865,1082,1979,1247,238,1635,592,4858,4375,395,1041,167,4285,3133,651,15953,607
2021-01-20,221,379,5009,265,4991,868,620,1108,1980,336,7429,1031,1545,1569,1272,1770,786,3767,4015,1321,1096,219,3945,3057,781,14411,594
2021-01-21,300,378,2202,225,4455,1419,834,1843,1444,467,8831,1064,1472,1487,1111,1985,774,3127,3306,880,1310,132,4025,2731,737,12118,462
2021-01-22,258,351,3975,339,4130,1745,1054,1939,1784,298,9593,889,1585,2057,1309,1714,626,3578,669,836,1422,157,3054,2838,812,9005,535
2021-01-23,252,457,3404,180,4566,824,956,992,1612,331,8873,962,982,1700,1134,1652,708,3127,5389,871,933,387,3815,2626,502,14596,503
2021-01-24,190,507,1152,195,2854,1378,821,800,122,85,4171,487,339,901,819,537,257,1821,1017,893,968,186,863,1201,492,5072,195
2021-01-25,110,667,1222,151,1423,1616,1148,1455,1373,140,2697,252,914,768,1181,589,361,1870,234,357,996,149,905,2407,826,2867,138
2021-01-26,235,547,3525,241,3349,1673,1056,1172,2839,299,5707,1047,1553,1349,1126,2124,426,6829,4160,610,1239,194,3994,2781,348,12959,581
2021-01-27,345,563,3146,299,3970,1625,1052,1228,508,370,8392,582,1648,2396,1213,2068,726,3272,3517,816,1669,265,3802,2949,553,16041,505
2021-01-28,342,433,1852,371,3645,1016,1174,1113,3568,390,8318,791,1492,2272,1044,1494,594,4491,3678,456,970,317,3411,2564,829,14776,410
2021-01-29,475,394,2116,377,4173,964,1087,1660,2933,465,6000,750,1802,1719,1125,1748,306,3116,4077,799,1225,416,3342,3428,895,13887,547
2021-01-30,411,514,4420,196,4078,1055,884,761,1032,270,8001,742,1046,1519,1065,1954,809,3862,3862,1220,757,255,3209,2512,519,13067,442
2021-01-31,120,481,1400,157,2148,3117,538,1056,220,73,4518,398,413,506,1104,621,439,1903,237,551,706,206,574,1199,618,4344,109
2021-02-01,353,452,1323,363,1128,1439,797,1097,779,161,1779,350,992,180,1014,445,267,2652,2031,121,949,149,780,1735,770,2354,131
2021-02-02,229,521,2460,325,3536,168,409,1359,1713,549,4707,849,1678,1677,867,1977,451,4319,3278,547,1154,103,3255,2802,424,14297,442
2021-02-03,498,347,2685,260,3370,3167,656,1068,2264,526,5947,783,1690,1889,1054,1627,511,2466,3249,412,947,338,3036,3185,612,12990,425
2021-02-04,397,370,2689,224,3295,7,430,1466,1990,361,10052,689,1332,1652,963,1650,696,3287,2852,802,1030,255,2772,2891,388,13932,401
2021-02-05,178,570,2238,210,3357,2512,624,1548,1781,246,5441,622,1445,1749,0,1487,388,2846,2757,0,1159,328,3415,3021,394,12222,334
2021-02-06,332,427,2965,223,3270,911,573,1210,1530,273,4649,827,828,1594,1978,1451,812,3447,2690,1054,851,204,3166,2723,267,11923,452
2021-02-07,92,239,985,153,1884,976,403,1007,150,174,7050,412,415,623,664,864,257,1561,162,1261,419,220,510,1575,351,4248,190
2021-02-08,148,451,919,191,1809,1934,544,700,537,239,2104,350,1062,603,611,741,232,1444,2101,490,995,108,493,1205,841,2442,145
2021-02-09,575,458,1442,284,3584,1577,525,1146,2537,522,3972,1037,1578,1777,971,1736,450,3929,1009,459,946,223,3707,2785,609,13201,447
2021-02-10,410,422,2744,230,3450,0,578,1578,2387,514,6466,846,1180,1432,1140,1531,410,2450,5985,957,870,284,5596,3096,828,13825,393
2021-02-11,493,466,2205,331,3253,3349,545,1528,1937,591,6504,822,1167,1881,1130,1643,665,3461,2033,945,714,309,3333,3350,499,11167,421
2021-02-12,376,508,2445,356,3636,1400,512,1501,1478,559,5554,700,1350,1783,1137,1380,696,2591,2768,568,838,337,3173,3361,437,11605,497
2021-02-13,372,626,1828,183,3587,0,595,856,1152,517,5352,818,937,1354,830,1805,461,3158,2158,0,249,228,3506,2755,656,9837,479
2021-02-14,107,670,632,154,2584,2793,537,610,587,154,3184,396,303,463,641,891,538,1144,795,399,819,259,1322,1865,536,2187,189
2021-02-15,428,749,925,135,1796,2845,738,476,981,213,1446,395,954,485,995,803,241,1406,706,8341,781,71,969,2277,648,2316,77
2021-02-16,135,632,1808,277,3849,947,561,411,1331,391,3049,911,1457,1223,818,1582,491,8000,8385,211,749,166,1897,3757,417,11496,320
2021-02-17,302,650,1808,271,3733,11113,583,854,1421,580,5159,574,1701,667,1014,1927,513,4060,587,272,1117,371,1922,3529,464,11302,272
2021-02-18,238,626,2141,259,4017,0,645,1026,1896,420,5547,833,1529,1134,1331,2226,522,3040,2415,378,955,326,4125,4659,279,10747,565
2021-02-19,432,389,1950,219,4140,-2532,864,1783,1569,745,4989,871,1432,1564,1191,1358,779,3632,2256,1272,1007,428,4197,4482,429,11105,499
2021-02-20,181,502,1664,185,4100,1674,748,1163,1392,634,9604,1007,1224,1551,1349,1132,783,3858,2250,749,497,622,4212,4577,333,10859,622
2021-02-21,43,349,753,141,1851,2257,843,1100,229,85,3274,431,312,541,1004,944,279,2982,573,850,513,162,1717,2539,427,4504,323
2021-02-22,183,309,1161,363,2146,1044,951,1239,1138,268,2062,429,1058,617,941,689,257,2099,859,81,863,212,2029,2856,346,2550,236
2021-02-23,622,545,2147,228,5025,2052,582,1241,2776,437,5386,1185,1743,1850,980,1724,633,6275,409,527,1099,279,5777,6177,255,12077,684
2021-02-24,290,399,1608,262,4398,2614,1361,1482,3458,655,5696,1092,1850,1694,1320,1566,677,4467,3908,956,1243,375,7194,4878,450,12086,609
2021-02-25,376,472,1420,194,4917,2408,1068,1385,2901,854,9043,894,1650,1340,1594,1202,636,5646,1935,1280,999,451,5446,4754,560,11889,684
